label,count,mean,std,min,25%,50%,75%,max
case,248797.0,1.4557680461534623,0.7438068051235216,-1.8862720844840648,0.9532079065651464,1.4549317512020463,1.9597928482246256,4.749906548155026
control,248751.0,0.41879794077787547,0.7431047984683374,-2.9568421751677643,-0.08325566352689218,0.4183701754423175,0.9192251377960199,3.694886990000992
