Phenotype,t_stat,p_value
Phenotype_A,-519.1348051265494,0.0
Phenotype_B,303.6573460407321,0.0
Phenotype_C,702.6731439297033,0.0
Phenotype_D,629.4718444549919,0.0
Phenotype_E,-853.599777194456,0.0
