Phenotype,t_stat,p_value
Phenotype_A,274.06437238411246,0.0
Phenotype_B,491.9245635240518,0.0
Phenotype_C,138.99269981750382,0.0
Phenotype_D,307.27635645454575,0.0
Phenotype_E,31.497409977143757,1.5460910860903604e-217
